{
    "root_group": {
        "name": "",
        "path": "",
        "id": "d41d8cd98f00b204e9800998ecf8427e",
        "groups": {},
        "checks": {
                "status 200": {
                    "fails": 157023,
                    "name": "status 200",
                    "path": "::status 200",
                    "id": "fad9fa412b86fcb03bee97c80dcd61f1",
                    "passes": 1293
                }
            }
    },
    "metrics": {
        "http_req_sending": {
            "avg": 0.1039945525783886,
            "min": 0.006458,
            "med": 0.045932,
            "max": 76.006799,
            "p(90)": 0.10613149999999999,
            "p(95)": 0.2406085
        },
        "iterations": {
            "count": 158308,
            "rate": 99.56414246100451
        },
        "vus": {
            "max": 1000,
            "value": 3,
            "min": 1
        },
        "checks": {
            "passes": 1293,
            "fails": 157023,
            "value": 0.00816720988402941
        },
        "http_req_waiting": {
            "max": 61381.873761,
            "p(90)": 120.34675999999999,
            "p(95)": 38392.74534775,
            "avg": 3210.575416535237,
            "min": 109.362952,
            "med": 111.87281999999999
        },
        "http_req_receiving": {
            "p(90)": 0.308192,
            "p(95)": 0.4668355,
            "avg": 0.22609871140630616,
            "min": 0.019588,
            "med": 0.15097549999999998,
            "max": 76.949894
        },
        "data_received": {
            "count": 69431068,
            "rate": 43667.05880670397
        },
        "http_req_failed": {
            "passes": 157023,
            "fails": 1293,
            "thresholds": {
                "rate<0.05": true
            },
            "value": 0.9918327901159706
        },
        "http_req_duration{expected_response:true}": {
            "p(95)": 56498.31908019999,
            "avg": 31316.825762224296,
            "min": 10825.819472,
            "med": 28568.839944,
            "max": 59972.503252,
            "p(90)": 53280.9278864
        },
        "vus_max": {
            "max": 1000,
            "value": 1000,
            "min": 1000
        },
        "http_req_blocked": {
            "avg": 1.908763186367806,
            "min": 0.002311,
            "med": 0.015395,
            "max": 10465.058199,
            "p(90)": 0.024035,
            "p(95)": 0.028866
        },
        "http_req_connecting": {
            "max": 1141.518662,
            "p(90)": 0,
            "p(95)": 0,
            "avg": 0.7444164671100845,
            "min": 0,
            "med": 0
        },
        "data_sent": {
            "count": 18878960,
            "rate": 11873.483733959154
        },
        "http_req_duration": {
            "p(90)": 120.873923,
            "p(95)": 38393.287588499996,
            "avg": 3210.905509799256,
            "min": 109.478512,
            "med": 112.24700150000001,
            "max": 61382.034747,
            "thresholds": {
                "p(95)<3000": true
            }
        },
        "http_req_tls_handshaking": {
            "avg": 1.0495578544114306,
            "min": 0,
            "med": 0,
            "max": 1478.945143,
            "p(90)": 0,
            "p(95)": 0
        },
        "iteration_duration": {
            "avg": 4211.290561663984,
            "min": 1109.94657,
            "med": 1114.0238319999999,
            "max": 71595.493136,
            "p(90)": 1123.7249919,
            "p(95)": 39331.80216319999
        },
        "http_reqs": {
            "count": 158316,
            "rate": 99.5691738753341
        }
    }
}